date,total_sales,total_orders,lag_1,lag_7,rolling_mean_7,rolling_std_7,month,day,weekday
2016-10-05,16319.57,47,14075.31,272.46,4459.338571428571,7366.7753108114375,10,5,2
2016-10-06,11645.27,51,16319.57,75.06,6112.225714285714,7515.625183963645,10,6,3
2016-10-07,10492.23,46,11645.27,40.95,7605.265714285714,7137.081582455715,10,7,4
2016-10-08,10837.87,42,10492.23,0.0,9153.532857142858,6343.728490293161,10,8,5
2016-10-09,6895.09,26,10837.87,109.34,10122.925714285713,5134.5630952200045,10,9,6
2016-10-10,5088.36,39,6895.09,595.14,10764.814285714285,3870.1083925382814,10,10,0
2016-10-22,61.99,1,5088.36,14075.31,8762.91142857143,5250.463380986572,10,22,5
2016-12-23,19.62,1,61.99,16319.57,6434.347142857143,4946.223628543005,12,23,4
2017-01-05,707.27,32,19.62,11645.27,4871.7757142857145,4749.474679596529,1,5,3
2017-01-06,988.28,4,707.27,10492.23,3514.068571428572,4201.854951040187,1,6,4
2017-01-07,2294.51,4,988.28,10837.87,2293.5885714285714,2688.1147640643862,1,7,5
2017-01-08,809.63,6,2294.51,6895.09,1424.2371428571428,1783.894625472719,1,8,6
2017-01-09,882.63,5,809.63,5088.36,823.4185714285715,756.5647695654311,1,9,0
2017-01-10,1571.17,6,882.63,61.99,1039.0157142857145,717.4405128384375,1,10,1
2017-01-11,3062.33,12,1571.17,19.62,1473.6885714285713,896.3235059662306,1,11,2
2017-01-12,3256.45,13,3062.33,707.27,1837.857142857143,1039.4617685564263,1,12,3
2017-01-13,2903.9700000000003,12,3256.45,988.28,2111.5271428571427,1030.6497165981214,1,13,4
2017-01-14,1507.36,18,2903.9700000000003,2294.51,1999.077142857143,1050.1153288205003,1,14,5
2017-01-15,3556.48,14,1507.36,809.63,2391.4842857142858,1044.7718105222232,1,15,6
2017-01-16,5294.02,19,3556.48,882.63,3021.6828571428573,1285.6457169805597,1,16,0
2017-01-17,4742.07,32,5294.02,1571.17,3474.6685714285713,1247.442812896688,1,17,1
2017-01-18,4898.54,33,4742.07,3062.33,3736.9842857142858,1336.1886991596239,1,18,2
2017-01-19,5799.98,29,4898.54,3256.45,4100.345714285714,1517.301269885194,1,19,3
2017-01-20,8306.46,29,5799.98,2903.9700000000003,4872.129999999999,2077.809123034802,1,20,4
2017-01-21,6671.86,24,8306.46,1507.36,5609.915714285714,1528.114366857149,1,21,5
2017-01-22,5091.599999999999,31,6671.86,3556.48,5829.2185714285715,1273.1979326408525,1,22,6
2017-01-23,10151.1,39,5091.599999999999,5294.02,6523.087142857143,2030.9375611993753,1,23,0
2017-01-24,9629.76,40,10151.1,4742.07,7221.328571428571,2153.0927675898247,1,24,1
2017-01-25,12596.65,63,9629.76,4898.54,8321.058571428572,2672.3192797545007,1,25,2
2017-01-26,18881.29,86,12596.65,5799.98,10189.817142857142,4538.071956079712,1,26,3
2017-01-27,16037.99,62,18881.29,8306.46,11294.32142857143,4927.459894825558,1,27,4
2017-01-28,5987.98,29,16037.99,6671.86,11196.624285714284,5039.881987152931,1,28,5
2017-01-29,9474.34,35,5987.98,5091.599999999999,11822.73,4384.695841598747,1,29,6
2017-01-30,26778.75,53,9474.34,10151.1,14198.108571428573,7032.59754785155,1,30,0
2017-01-31,17133.19,70,26778.75,9629.76,15270.027142857141,6787.81258305579,1,31,1
2017-02-01,11093.53,73,17133.19,12596.65,15055.295714285714,6909.170402534731,2,1,2
2017-02-02,11854.56,69,11093.53,18881.29,14051.477142857142,6769.696308741663,2,2,3
2017-02-03,12712.47,60,11854.56,16037.99,13576.402857142855,6723.584937044907,2,3,4
2017-02-04,17974.06,67,12712.47,5987.98,15288.699999999999,5950.78514123977,2,4,5
2017-02-05,12141.24,75,17974.06,9474.34,15669.685714285713,5590.985813846124,2,5,6
2017-02-06,12255.9,85,12141.24,26778.75,13594.992857142855,2758.8314151207514,2,6,0
2017-02-07,22192.55,112,12255.9,17133.19,14317.75857142857,4151.49215184705,2,7,1
2017-02-08,16217.77,95,22192.55,11093.53,15049.792857142858,3934.3063069352534,2,8,2
2017-02-09,12017.19,77,16217.77,11854.56,15073.025714285714,3912.714007330709,2,9,3
2017-02-10,17648.34,66,12017.19,12712.47,15778.15,3860.8203791595083,2,10,4
2017-02-11,6554.84,49,17648.34,17974.06,14146.832857142856,5017.546898713604,2,11,5
2017-02-12,17211.37,64,6554.84,12141.24,14871.137142857142,5045.647127111035,2,12,6
2017-02-13,16132.33,78,17211.37,12255.9,15424.912857142857,4921.988062178111,2,13,0
2017-02-14,19003.71,76,16132.33,22192.55,14969.364285714286,4299.418640761632,2,14,1
2017-02-15,8663.64,62,19003.71,16217.77,13890.202857142856,4847.018329322729,2,15,2
2017-02-16,8647.8,55,8663.64,12017.19,13408.861428571428,5217.187998438206,2,16,3
2017-02-17,11948.3,46,8647.8,17648.34,12594.569999999998,4879.085827638893,2,17,4
2017-02-18,13267.33,54,11948.3,6554.84,13553.497142857143,4090.035651196353,2,18,5
2017-02-19,4913.28,40,13267.33,17211.37,11796.62714285714,4831.10620228851,2,19,6
2017-02-20,10772.58,63,4913.28,16132.33,11030.948571428571,4438.168360725813,2,20,0
2017-02-21,11017.15,41,10772.58,19003.71,9890.011428571428,2754.0011209416093,2,21,1
2017-02-22,10848.53,63,11017.15,8663.64,10202.138571428572,2715.3864225522257,2,22,2
2017-02-23,14871.58,59,10848.53,8647.8,11091.25,3111.645370646644,2,23,3
2017-02-24,9898.21,64,14871.58,11948.3,10798.380000000001,3114.011918110359,2,24,4
2017-02-25,7018.62,43,9898.21,13267.33,9905.707142857142,3183.165068050534,2,25,5
2017-02-26,7645.64,46,7018.62,4913.28,10296.044285714286,2579.155941407045,2,26,6
2017-02-27,8805.61,43,7645.64,10772.58,10015.048571428571,2625.3212550557764,2,27,0
2017-02-28,16373.8,55,8805.61,11017.15,10780.284285714286,3575.0124177353464,2,28,1
2017-03-01,23275.08,99,16373.8,10848.53,12555.505714285715,5926.489508171086,3,1,2
2017-03-02,14818.23,72,23275.08,14871.58,12547.884285714286,5923.047946169997,3,2,3
2017-03-03,15974.58,74,14818.23,9898.21,13415.937142857143,5915.260507001406,3,3,4
2017-03-04,18476.55,80,15974.58,7018.62,15052.784285714284,5414.041883137031,3,4,5
2017-03-05,10883.02,74,18476.55,7645.64,15515.267142857143,4776.592440417877,3,5,6
2017-03-06,15934.46,105,10883.02,8805.61,16533.674285714285,3759.236712587009,3,6,0
2017-03-07,19087.99,82,15934.46,16373.8,16921.415714285715,3878.0950873801416,3,7,1
2017-03-08,21757.76,79,19087.99,23275.08,16704.655714285713,3486.4024187255427,3,8,2
2017-03-09,19842.82,93,21757.76,14818.23,17422.454285714284,3549.949308003612,3,9,3
2017-03-10,17167.08,88,19842.82,15974.58,17592.81142857143,3497.107512456693,3,10,4
2017-03-11,15222.7,71,17167.08,18476.55,17127.975714285716,3575.436904640045,3,11,5
2017-03-12,8778.92,64,15222.7,10883.02,16827.390000000003,4218.556060229623,3,12,6
2017-03-13,20573.32,111,8778.92,15934.46,17490.084285714285,4414.706728001532,3,13,0
2017-03-14,22128.65,99,20573.32,19087.99,17924.464285714286,4736.0320995669645,3,14,1
2017-03-15,20709.57,108,22128.65,21757.76,17774.722857142857,4609.513723943547,3,15,2
2017-03-16,24188.43,103,20709.57,19842.82,18395.524285714288,5190.480922698334,3,16,3
2017-03-17,16127.26,65,24188.43,17167.08,18246.97857142857,5246.078534732496,3,17,4
2017-03-18,19397.72,73,16127.26,15222.7,18843.41,5079.630428984651,3,18,5
2017-03-19,8395.68,56,19397.72,8778.92,18788.661428571428,5206.6622885281395,3,19,6
2017-03-20,23558.56,119,8395.68,20573.32,19215.124285714286,5491.657693055475,3,20,0
2017-03-21,17003.25,97,23558.56,22128.65,18482.92428571429,5378.98322477046,3,21,1
2017-03-22,20234.93,105,17003.25,20709.57,18415.11857142857,5349.145613645329,3,22,2
2017-03-23,30982.7,114,20234.93,24188.43,19385.72857142857,6948.603510582619,3,23,3
2017-03-24,15134.18,79,30982.7,16127.26,19243.860000000004,7035.809660432371,3,24,4
2017-03-25,14454.1,76,15134.18,19397.72,18537.628571428573,7262.259676001751,3,25,5
2017-03-26,8600.82,64,14454.1,8395.68,18566.934285714284,7214.771024266491,3,26,6
2017-03-27,22562.67,111,8600.82,23558.56,18424.664285714283,7108.978090557649,3,27,0
2017-03-28,17964.33,103,22562.67,17003.25,18561.961428571427,7086.194941540516,3,28,1
2017-03-29,12499.55,74,17964.33,20234.93,17456.907142857144,7378.922077611147,3,29,2
2017-03-30,14626.82,74,12499.55,30982.7,15120.352857142856,4350.035736940226,3,30,3
2017-03-31,14376.5,70,14626.82,15134.18,15012.112857142856,4359.051503785783,3,31,4
2017-04-01,21242.64,68,14376.5,14454.1,15981.904285714283,4931.744152267894,4,1,5
2017-04-02,18305.97,65,21242.64,8600.82,17368.354285714286,3728.2206053865184,4,2,6
2017-04-03,14773.34,72,18305.97,22562.67,16255.592857142856,3013.394838592705,4,3,0
2017-04-04,17230.36,96,14773.34,17964.33,16150.74,2956.256648404083,4,4,1
2017-04-05,21421.09,96,17230.36,12499.55,17425.245714285713,3041.698188610318,4,5,2
2017-04-06,43173.64,96,21421.09,14626.82,21503.36285714286,9951.908636217679,4,6,3
2017-04-07,16888.56,85,43173.64,14376.5,21862.22857142857,9694.032976022647,4,7,4
2017-04-08,11688.88,68,16888.56,21242.64,20497.405714285713,10439.664691131708,4,8,5
2017-04-09,11017.89,73,11688.88,18305.97,19456.25142857143,11040.760882147015,4,9,6
2017-04-10,14921.98,87,11017.89,14773.34,19477.485714285718,11030.391401459667,4,10,0
2017-04-11,11654.87,78,14921.98,17230.36,18680.987142857142,11414.319074696947,4,11,1
2017-04-12,9932.82,63,11654.87,21421.09,17039.805714285714,11774.888597881876,4,12,2
2017-04-13,12476.96,60,9932.82,43173.64,12654.565714285713,2419.2962644527743,4,13,3
2017-04-14,11502.1,54,12476.96,16888.56,11885.07142857143,1547.8256745127449,4,14,4
2017-04-15,9979.54,52,11502.1,11688.88,11640.880000000001,1710.2504048724968,4,15,5
2017-04-16,7187.76,49,9979.54,11017.89,11093.718571428572,2411.645374569157,4,16,6
2017-04-17,11472.04,65,7187.76,14921.98,10600.869999999999,1764.6266844764955,4,17,0
2017-04-18,26631.78,71,11472.04,11654.87,12740.42857142857,6357.654537084741,4,18,1
2017-04-19,17429.04,97,26631.78,9932.82,13811.317142857142,6436.761895398732,4,19,2
2017-04-20,20299.58,98,17429.04,12476.96,14928.834285714285,6833.331985629598,4,20,3
2017-04-21,12732.67,68,20299.58,11502.1,15104.630000000001,6745.749982122076,4,21,4
2017-04-22,18109.16,84,12732.67,9979.54,16266.004285714285,6407.677404488718,4,22,5
2017-04-23,12579.33,88,18109.16,7187.76,17036.22857142857,5375.47374882261,4,23,6
2017-04-24,30177.64,115,12579.33,11472.04,19708.457142857143,6647.370022002984,4,24,0
2017-04-25,20349.01,111,30177.64,26631.78,18810.91857142857,5943.680809967934,4,25,1
2017-04-26,22207.64,125,20349.01,17429.04,19493.575714285715,6032.274751686026,4,26,2
2017-04-27,16205.46,80,22207.64,20299.58,18908.70142857143,6138.641931924445,4,27,3
2017-04-28,21199.05,98,16205.46,12732.67,20118.184285714284,5522.075991119228,4,28,4
2017-04-29,18021.92,74,21199.05,18109.16,20105.721428571425,5527.461708377646,4,29,5
2017-04-30,10078.83,68,18021.92,12579.33,19748.507142857143,6141.60357844138,4,30,6
2017-05-01,16929.51,117,10078.83,30177.64,17855.91714285714,4091.0964600202906,5,1,0
2017-05-02,23415.16,128,16929.51,20349.01,18293.93857142857,4541.825096043189,5,2,1
2017-05-03,13619.04,103,23415.16,22207.64,17066.995714285713,4467.828472844716,5,3,2
2017-05-04,20071.98,109,13619.04,16205.46,17619.355714285713,4581.137474466573,5,4,3
2017-05-05,19149.48,111,20071.98,21199.05,17326.56,4375.0788030655385,5,5,4
2017-05-06,22754.64,109,19149.48,18021.92,18002.662857142856,4841.2912988331145,5,6,5
2017-05-07,22098.44,111,22754.64,10078.83,19719.75,3511.3661658439287,5,7,6
2017-05-08,26054.84,124,22098.44,16929.51,21023.36857142857,3967.159573630462,5,8,0
2017-05-09,38705.12,128,26054.84,23415.16,23207.64857142857,7831.094474498095,5,9,1
2017-05-10,32746.87,116,38705.12,13619.04,25940.195714285714,7242.742090336296,5,10,2
2017-05-11,25940.22,126,32746.87,20071.98,26778.515714285717,6774.811919863828,5,11,3
2017-05-12,17798.54,115,25940.22,19149.48,26585.524285714284,7042.318715640632,5,12,4
2017-05-13,12422.55,73,17798.54,22754.64,25109.51142857143,8833.92500422932,5,13,5
2017-05-14,20277.89,112,12422.55,22098.44,24849.432857142856,8963.201756068578,5,14,6
2017-05-15,28766.53,157,20277.89,26054.84,25236.817142857144,9081.795819777286,5,15,0
2017-05-16,30796.4,153,28766.53,38705.12,24107.0,7477.214991028879,5,16,1
2017-05-17,24187.38,141,30796.4,32746.87,22884.21571428571,6459.426723713867,5,17,2
2017-05-18,27611.75,125,24187.38,25940.22,23123.00571428571,6620.126322734499,5,18,3
2017-05-19,31026.8,144,27611.75,17798.54,25012.757142857146,6733.972835673667,5,19,4
2017-05-20,14080.06,72,31026.8,12422.55,25249.544285714284,6227.578646228587,5,20,5
2017-05-21,22854.56,148,14080.06,20277.89,25617.640000000003,5954.921731612744,5,21,6
2017-05-22,32192.68,148,22854.56,28766.53,26107.09,6382.335918112877,5,22,0
2017-05-23,24903.84,125,32192.68,30796.4,25265.295714285712,6040.186663505989,5,23,1
2017-05-24,30970.37,142,24903.84,24187.38,26234.294285714284,6373.334975745612,5,24,2
2017-05-25,23528.36,108,30970.37,27611.75,25650.95285714286,6412.995631738015,5,25,3
2017-05-26,15591.2,80,23528.36,31026.8,23445.867142857143,6892.280123782749,5,26,4
2017-05-27,22252.77,83,15591.2,14080.06,24613.397142857142,5615.223430950082,5,27,5
2017-05-28,12767.72,98,22252.77,22854.56,23172.420000000002,7209.6701042304,5,28,6
2017-05-29,25154.5,160,12767.72,32192.68,22166.965714285714,6155.797274184889,5,29,0
2017-05-30,24539.48,105,25154.5,24903.84,22114.914285714283,6130.28572209013,5,30,1
2017-05-31,27808.41,129,24539.48,30970.37,21663.205714285716,5447.490726826626,5,31,2
2017-06-01,23534.75,124,27808.41,23528.36,21664.118571428575,5447.855892977328,6,1,3
2017-06-02,22868.17,127,23534.75,15591.2,22703.68571428571,4744.809513910487,6,2,4
2017-06-03,18662.01,89,22868.17,22252.77,22190.72,4989.475335971396,6,3,5
2017-06-04,16784.15,102,18662.01,12767.72,22764.495714285713,3818.8725417844817,6,4,6
2017-06-05,31032.9,147,16784.15,25154.5,23604.26714285714,4919.698526043788,6,5,0
2017-06-06,21646.06,134,31032.9,24539.48,23190.921428571426,4949.487698952408,6,6,1
2017-06-07,17888.08,129,21646.06,27808.41,21773.731428571427,4825.703833450736,6,7,2
2017-06-08,30372.62,137,17888.08,23534.75,22750.57,5829.303961046026,6,8,3
2017-06-09,21910.76,108,30372.62,22868.17,22613.797142857144,5837.311187475277,6,9,4
2017-06-10,10901.94,77,21910.76,18662.01,21505.215714285714,7273.164350569524,6,10,5
2017-06-11,22343.97,115,10901.94,16784.15,22299.475714285716,6968.89066569389,6,11,6
2017-06-12,28915.15,126,22343.97,31032.9,21996.940000000002,6560.568752704818,6,12,0
2017-06-13,19087.56,126,28915.15,21646.06,21631.440000000002,6653.978980201758,6,13,1
2017-06-14,28639.8,131,19087.56,17888.08,23167.399999999998,6882.862432188628,6,14,2
2017-06-15,17852.28,108,28639.8,30372.62,21378.78,6300.581274742314,6,15,3
2017-06-16,15988.32,97,17852.28,21910.76,20532.717142857146,6607.410564173931,6,16,4
2017-06-17,15122.34,75,15988.32,10901.94,21135.63142857143,5714.353553151434,6,17,5
2017-06-18,21333.01,90,15122.34,22343.97,20991.20857142857,5691.453968423279,6,18,6
2017-06-19,30634.16,156,21333.01,28915.15,21236.78142857143,6111.892941106525,6,19,0
2017-06-20,23604.17,94,30634.16,19087.56,21882.011428571426,6085.536617944863,6,20,1
2017-06-21,7834.780000000001,35,23604.17,28639.8,18909.865714285716,7211.379768268708,6,21,2
2017-06-22,11885.72,88,7834.780000000001,17852.28,18057.5,7693.70341328327,6,22,3
2017-06-23,17154.84,107,11885.72,15988.32,18224.145714285714,7653.945898619561,6,23,4
2017-06-24,11774.18,76,17154.84,15122.34,17745.837142857144,7977.851969815585,6,24,5
2017-06-25,23464.14,105,11774.18,21333.01,18050.284285714286,8175.767999941158,6,25,6
2017-06-26,18494.31,72,23464.14,30634.16,16316.02,6080.68824074215,6,26,0
2017-06-27,22851.16,141,18494.31,23604.17,16208.447142857143,5935.185167661045,6,27,1
2017-06-28,22127.44,120,22851.16,7834.780000000001,18250.255714285715,4951.293386136112,6,28,2
2017-06-29,16845.67,114,22127.44,11885.72,18958.82,4184.1554288171465,6,29,3
2017-06-30,17336.94,95,16845.67,17154.84,18984.834285714285,4171.6174642371725,6,30,4
2017-07-01,18279.06,80,17336.94,11774.18,19914.102857142858,2795.0597840041246,7,1,5
2017-07-02,16329.6,108,18279.06,23464.14,18894.882857142857,2577.0909418484134,7,2,6
2017-07-03,23094.45,118,16329.6,18494.31,19552.045714285716,3008.356438410947,7,3,0
2017-07-04,19637.22,125,23094.45,22851.16,19092.911428571428,2644.135659205284,7,4,1
2017-07-05,29062.57,145,19637.22,22127.44,20083.644285714287,4569.164539354573,7,5,2
2017-07-06,31307.58,154,29062.57,16845.67,22149.631428571425,5928.430411282098,7,6,3
2017-07-07,20749.77,121,31307.58,17336.94,22637.178571428572,5597.788559861336,7,7,4
2017-07-08,13070.38,84,20749.77,18279.06,21893.08142857143,6540.464994721789,7,8,5
2017-07-09,12165.21,94,13070.38,16329.6,21298.16857142857,7278.596497662243,7,9,6
2017-07-10,27097.91,143,12165.21,23094.45,21870.09142857143,7593.731024565444,7,10,0
2017-07-11,31095.74,165,27097.91,19637.22,23507.022857142856,8239.726638616357,7,11,1
2017-07-12,26366.79,153,31095.74,29062.57,23121.911428571428,7996.1924151716,7,12,2
2017-07-13,22767.46,137,26366.79,31307.58,21901.894285714287,7145.347342788549,7,13,3
2017-07-14,25496.71,149,22767.46,20749.77,22580.028571428575,7242.377358049022,7,14,4
2017-07-15,16145.24,98,25496.71,13070.38,23019.294285714284,6637.451647168169,7,15,5
2017-07-16,23991.24,114,16145.24,12165.21,24708.727142857148,4609.570394833349,7,16,6
2017-07-17,33885.3,168,23991.24,27097.91,25678.354285714286,5764.964475952611,7,17,0
2017-07-18,41398.81,192,33885.3,31095.74,27150.221428571425,8185.645995052231,7,18,1
2017-07-19,29997.27,153,41398.81,26366.79,27668.86142857143,8242.55028046021,7,19,2
2017-07-20,29723.18,142,29997.27,22767.46,28662.535714285714,7967.879051560437,7,20,3
2017-07-21,25917.62,115,29723.18,25496.71,28722.665714285715,7941.550855980776,7,21,4
2017-07-22,17581.760000000002,88,25917.62,16145.24,28927.882857142857,7572.347984552583,7,22,5
2017-07-23,14668.44,105,17581.760000000002,23991.24,27596.054285714286,9224.854294119172,7,23,6
2017-07-24,27859.27,162,14668.44,33885.3,26735.192857142858,8812.062892701351,7,24,0
2017-07-25,26897.56,153,27859.27,41398.81,24663.585714285717,6067.378852601466,7,25,1
2017-07-26,18415.97,124,26897.56,29997.27,23009.114285714288,5948.418570566641,7,26,2
2017-07-27,23614.3,124,18415.97,29723.18,22136.41714285714,5200.295987648903,7,27,3
2017-07-28,32020.53,132,23614.3,25917.62,23008.261428571426,6328.979313063136,7,28,4
2017-07-29,22804.21,115,32020.53,17581.760000000002,23754.32571428572,5874.15682847863,7,29,5
2017-07-30,18904.85,117,22804.21,14668.44,24359.527142857143,4923.320775989587,7,30,6
2017-07-31,24253.53,148,18904.85,27859.27,23844.421428571426,4678.6789950028815,7,31,0
2017-08-01,34556.03,165,24253.53,26897.56,24938.48857142857,6169.525177425017,8,1,1
2017-08-02,27149.37,157,34556.03,18415.97,26186.11714285714,5474.592135495035,8,2,2
2017-08-03,25783.49,148,27149.37,23614.3,26496.00142857143,5365.050816880915,8,3,3
2017-08-04,26447.58,142,25783.49,32020.53,25699.865714285716,4791.445950433839,8,4,4
2017-08-05,16053.04,115,26447.58,22804.21,24735.412857142856,5998.791057734665,8,5,5
2017-08-06,20820.63,109,16053.04,18904.85,25009.095714285715,5725.945487713111,8,6,6
2017-08-07,32995.63,157,20820.63,24253.53,26257.967142857146,6442.240834292372,8,7,0
2017-08-08,25051.65,146,32995.63,34556.03,24900.198571428573,5302.631535619635,8,8,1
2017-08-09,33524.93,144,25051.65,27149.37,25810.992857142857,6221.304843023211,8,9,2
2017-08-10,28721.57,157,33524.93,25783.49,26230.71857142857,6317.506349682699,8,10,3
2017-08-11,29254.78,141,28721.57,26447.58,26631.747142857144,6421.804913840352,8,11,4
2017-08-12,21137.81,98,29254.78,16053.04,27358.14285714286,5196.4445455161085,8,12,5
2017-08-13,21131.59,96,21137.81,20820.63,27402.565714285713,5132.1744560107145,8,13,6
2017-08-14,26457.45,159,21131.59,32995.63,26468.540000000005,4500.728371537983,8,14,0
2017-08-15,33446.33,194,26457.45,25051.65,27667.78,5134.102894940231,8,15,1
2017-08-16,37468.88,174,33446.33,33524.93,28231.20142857143,6023.3894715971965,8,16,2
2017-08-17,25618.11,158,37468.88,28721.57,27787.85,6095.068859509873,8,17,3
2017-08-18,23498.58,147,25618.11,29254.78,26965.535714285714,6250.489773204086,8,18,4
2017-08-19,19646.26,108,23498.58,21137.81,26752.45714285714,6502.6062347741845,8,19,5
2017-08-20,17610.45,104,19646.26,21131.59,26249.437142857143,7117.048433008641,8,20,6
2017-08-21,35257.94,177,17610.45,26457.45,27506.649999999998,7894.724352249438,8,21,0
2017-08-22,24226.56,138,35257.94,33446.33,26189.54,7497.73050361465,8,22,1
2017-08-23,74810.36,112,24226.56,37468.88,31524.037142857145,19894.96747293875,8,23,2
2017-08-24,19152.29,128,74810.36,25618.11,30600.34857142857,20359.543758832486,8,24,3
2017-08-25,20047.9,123,19152.29,23498.58,30107.394285714287,20600.502254891642,8,25,4
2017-08-26,13289.59,93,20047.9,19646.26,29199.298571428575,21267.79609561323,8,26,5
2017-08-27,20853.63,119,13289.59,17610.45,29662.610000000004,21006.987230130526,8,27,6
2017-08-28,30069.39,155,20853.63,35257.94,28921.38857142857,20867.730121879125,8,28,0
2017-08-29,41402.88,137,30069.39,24226.56,31375.148571428574,21230.373715664577,8,29,1
2017-08-30,39569.31,181,41402.88,74810.36,26340.712857142855,10858.794420380687,8,30,2
2017-08-31,31075.36,149,39569.31,19152.29,28044.00857142857,10471.512497777701,8,31,3
2017-09-01,38503.35,158,31075.36,20047.9,30680.501428571424,10446.034755508012,9,1,4
2017-09-02,24897.9,104,38503.35,13289.59,32338.831428571426,7815.178851895503,9,2,5
2017-09-03,43352.75,125,24897.9,20853.63,35552.991428571426,6874.383630875438,9,3,6
2017-09-04,32001.51,150,43352.75,30069.39,35829.008571428574,6652.728003041171,9,4,0
2017-09-05,32456.76,157,32001.51,41402.88,34550.991428571426,6250.646130573073,9,5,1
2017-09-06,34408.37,140,32456.76,39569.31,33813.71428571428,5851.712552574878,9,6,2
2017-09-07,24289.44,99,34408.37,31075.36,32844.29714285715,6856.749328036154,9,7,3
2017-09-08,20896.67,116,24289.44,38503.35,30329.057142857142,7621.526065326911,9,8,4
2017-09-09,22042.44,106,20896.67,24897.9,29921.134285714284,8026.328610132338,9,9,5
2017-09-10,24649.7,136,22042.44,43352.75,27249.27,5536.83744193382,9,10,6
2017-09-11,30513.03,180,24649.7,32001.51,27036.63,5349.318446979974,9,11,0
2017-09-12,61390.79,206,30513.03,32456.76,31170.062857142857,14159.360136674875,9,12,1
2017-09-13,37638.62,207,61390.79,34408.37,31631.527142857143,14334.049382678211,9,13,2
2017-09-14,34522.06,166,37638.62,24289.44,33093.33,13977.843739666494,9,14,3
2017-09-15,24649.97,150,34522.06,20896.67,33629.51571428571,13495.678572267583,9,15,4
2017-09-16,26118.93,129,24649.97,22042.44,34211.87142857143,12990.859912986827,9,16,5
2017-09-17,25066.46,126,26118.93,24649.7,34271.40857142857,12940.590292704894,9,17,6
2017-09-18,45569.9,183,25066.46,30513.03,36422.39,13452.98426666492,9,18,0
2017-09-19,31974.08,154,45569.9,61390.79,32220.00285714286,7731.351471786215,9,19,1
2017-09-20,30561.3,163,31974.08,37638.62,31208.95714285714,7358.409733705433,9,20,2
2017-09-21,27869.16,150,30561.3,34522.06,30258.542857142857,7288.481163984545,9,21,3
2017-09-22,24727.13,138,27869.16,24649.97,30269.565714285713,7278.636940219571,9,22,4
2017-09-23,15504.01,88,24727.13,26118.93,28753.148571428574,9152.126768371816,9,23,5
2017-09-24,20435.72,118,15504.01,25066.46,28091.614285714288,9618.498656633592,9,24,6
2017-09-25,26283.23,136,20435.72,45569.9,25336.375714285714,5769.654864925816,9,25,0
2017-09-26,28586.52,180,26283.23,31974.08,24852.43857142857,5237.659419179,9,26,1
2017-09-27,36322.99,147,28586.52,30561.3,25675.537142857145,6568.085332433192,9,27,2
2017-09-28,40237.03,143,36322.99,27869.16,27442.375714285714,8604.374205712396,9,28,3
2017-09-29,140554.21,121,40237.03,24727.13,43989.10142857143,43425.35186189224,9,29,4
2017-09-30,17071.46,109,140554.21,15504.01,44213.02285714285,43257.70664809286,9,30,5
2017-10-01,26174.29,128,17071.46,20435.72,45032.81857142857,42783.77107337487,10,1,6
2017-10-02,48222.05,143,26174.29,26283.23,48166.93571428571,41977.31867172393,10,2,0
2017-10-03,33821.81,198,48222.05,28586.52,48914.83428571429,41615.3941539009,10,3,1
2017-10-04,28315.64,157,33821.81,36322.99,47770.927142857145,42126.11775243427,10,4,2
2017-10-05,55843.41,140,28315.64,40237.03,50000.409999999996,42073.883423487714,10,5,3
2017-10-06,28746.37,130,55843.41,140554.21,34027.86142857143,13460.790992202094,10,6,4
2017-10-07,22966.1,105,28746.37,17071.46,34869.95285714286,12362.824350256371,10,7,5
2017-10-08,23251.84,126,22966.1,26174.29,34452.46,12748.741423683152,10,8,6
2017-10-09,45187.64,193,23251.84,48222.05,34018.97285714286,12244.111172796163,10,9,0
2017-10-10,37072.38,185,45187.64,33821.81,34483.34,12296.913668037521,10,10,1
2017-10-11,30629.77,158,37072.38,28315.64,34813.93,12133.486478702978,10,11,2
2017-10-12,29977.6,143,30629.77,55843.41,31118.814285714285,7841.161293435006,10,12,3
2017-10-13,32908.46,154,29977.6,28746.37,31713.39857142857,7788.9075952289795,10,13,4
2017-10-14,18589.98,116,32908.46,22966.1,31088.23857142857,8727.118622299251,10,14,5
2017-10-15,25241.06,121,18589.98,23251.84,31372.412857142856,8457.64610859459,10,15,6
2017-10-16,40979.7,195,25241.06,45187.64,30771.278571428575,7394.82470402662,10,16,0
2017-10-17,61036.130000000005,202,40979.7,37072.38,34194.67142857143,13676.74800905838,10,17,1
2017-10-18,43875.54,179,61036.130000000005,30629.77,36086.92428571428,14013.487340142348,10,18,2
2017-10-19,31021.68,176,43875.54,29977.6,36236.078571428574,13943.003574273931,10,19,3
2017-10-20,24317.09,124,31021.68,32908.46,35008.740000000005,14645.1858726102,10,20,4
2017-10-21,22402.32,113,24317.09,18589.98,35553.36,13989.035492888754,10,21,5
2017-10-22,28329.33,158,22402.32,25241.06,35994.54142857143,13654.29892566375,10,22,6
2017-10-23,35482.99,161,28329.33,40979.7,35209.29714285715,13476.726195385576,10,23,0
2017-10-24,35287.73,164,35482.99,61036.130000000005,31530.954285714284,7393.717003102246,10,24,1
2017-10-25,28120.08,156,35287.73,43875.54,29280.17428571429,5029.670290860357,10,25,2
2017-10-26,37350.63,144,28120.08,31021.68,30184.309999999998,5890.142654794933,10,26,3
2017-10-27,33777.26,133,37350.63,24317.09,31535.762857142858,5383.040162732562,10,27,4
2017-10-28,23458.31,88,33777.26,22402.32,31686.61857142857,5091.314376309482,10,28,5
2017-10-29,28148.24,132,23458.31,28329.33,31660.748571428576,5111.636137857325,10,29,6
2017-10-30,32014.59,149,28148.24,35482.99,31165.262857142858,4840.283662520049,10,30,0
2017-10-31,38955.51,160,32014.59,35287.73,31689.231428571427,5512.735094879457,10,31,1
2017-11-01,32216.43,111,38955.51,28120.08,32274.424285714285,5283.361162037846,11,1,2
2017-11-02,30573.36,124,32216.43,37350.63,31306.242857142857,4796.657852281993,11,2,3
2017-11-03,39124.44,143,30573.36,33777.26,32070.125714285714,5612.207245807711,11,3,4
2017-11-04,40193.57,111,39124.44,23458.31,34460.87714285714,4844.212206904758,11,4,5
2017-11-05,26208.13,144,40193.57,28148.24,34183.71857142857,5299.671075071442,11,5,6
2017-11-06,41271.04,193,26208.13,32014.59,35506.06857142857,5799.480158294263,11,6,0
2017-11-07,30855.39,160,41271.04,38955.51,34348.90857142857,5804.608094509816,11,7,1
2017-11-08,32250.48,175,30855.39,32216.43,34353.77285714286,5802.537128531943,11,8,2
2017-11-09,38360.99,191,32250.48,30573.36,35466.29142857143,5702.616470023405,11,9,3
2017-11-10,32672.7,165,38360.99,39124.44,34544.61428571429,5531.646657108215,11,10,4
2017-11-11,32882.35,159,32672.7,40193.57,33500.154285714285,4946.5616591557655,11,11,5
2017-11-12,31203.11,174,32882.35,26208.13,34213.72285714286,3986.42210114848,11,12,6
2017-11-13,37142.71,205,31203.11,41271.04,33623.96142857143,2935.0717663256914,11,13,0
2017-11-14,38103.06,192,37142.71,30855.39,34659.34285714286,3070.8606551462176,11,14,1
2017-11-15,33884.21,186,38103.06,32250.48,34892.73285714286,2915.419507176464,11,15,2
2017-11-16,42403.51,226,33884.21,38360.99,35470.235714285714,3937.9864619620635,11,16,3
2017-11-17,50698.91,197,42403.51,32672.7,38045.40857142857,6717.04463741425,11,17,4
2017-11-18,35836.25,149,50698.91,32882.35,38467.39428571429,6425.065967837462,11,18,5
2017-11-19,27204.47,158,35836.25,31203.11,37896.159999999996,7297.12629697709,11,19,6
2017-11-20,62856.75,230,27204.47,37142.71,41569.59428571429,11884.814142773253,11,20,0
2017-11-21,54289.05,228,62856.75,38103.06,43881.87857142858,12648.01648900921,11,21,1
2017-11-22,43770.82,201,54289.05,33884.21,45294.25142857143,11873.845938072556,11,22,2
2017-11-23,81002.64,283,43770.82,42403.51,50808.41285714286,17794.28793510879,11,23,3
2017-11-24,256809.37,1176,81002.64,50698.91,80252.76428571428,79861.76977989153,11,24,4
2017-11-25,94261.4,499,256809.37,35836.25,88599.21428571429,77463.09462611144,11,25,5
2017-11-26,69614.04,391,94261.4,27204.47,94657.7242857143,73413.63359659813,11,26,6
2017-11-27,79703.88,403,69614.04,62856.75,97064.45714285715,72467.39328738884,11,27,0
2017-11-28,81912.95999999999,380,79703.88,54289.05,101010.73,70474.53377214377,11,28,1
2017-11-29,58549.45,323,81912.95999999999,43770.82,103121.96285714286,68672.3031694692,11,29,2
2017-11-30,43588.71,267,58549.45,81002.64,97777.11571428573,72053.54878008828,11,30,3
2017-12-01,57422.41,275,43588.71,256809.37,69293.2642857143,17360.007562802642,12,1,4
2017-12-02,39402.18,216,57422.41,94261.4,61456.23285714286,16574.854765201642,12,2,5
2017-12-03,43529.42,234,39402.18,69614.04,57729.85857142857,17349.229606044522,12,3,6
2017-12-04,65152.97,337,43529.42,79703.88,55651.15714285714,14988.732299481771,12,4,0
2017-12-05,55006.24,282,65152.97,81912.95999999999,51807.340000000004,9620.132473904472,12,5,1
2017-12-06,58216.64,280,55006.24,58549.45,51759.79571428571,9582.005260878328,12,6,2
2017-12-07,43406.53,229,58216.64,43588.71,51733.770000000004,9608.109542600185,12,7,3
2017-12-08,40613.39,219,43406.53,57422.41,49332.48142857143,10040.198641523612,12,8,4
2017-12-09,25482.73,155,40613.39,39402.18,47343.98857142857,13212.081355143082,12,9,5
2017-12-10,33090.96,190,25482.73,43529.42,45852.77999999999,14261.758490551063,12,10,6
2017-12-11,44495.43,267,33090.96,65152.97,42901.70285714285,11465.670516238004,12,11,0
2017-12-12,49303.69,260,44495.43,55006.24,42087.05285714286,10634.767196155706,12,12,1
2017-12-13,56952.28,218,49303.69,58216.64,41906.43,10321.277894012885,12,13,2
2017-12-14,34079.53,200,56952.28,43406.53,40574.00142857143,10690.768342413628,12,14,3
2017-12-15,38454.78,192,34079.53,40613.39,40265.62857142858,10720.533706999859,12,15,4
2017-12-16,26167.17,131,38454.78,25482.73,40363.40571428571,10565.230547311045,12,16,5
2017-12-17,25305.02,133,26167.17,33090.96,39251.12857142858,11796.54589037487,12,17,6
2017-12-18,40586.12,209,25305.02,44495.43,38692.65571428572,11597.752877014635,12,18,0
2017-12-19,29192.26,176,40586.12,49303.69,35819.59428571429,11007.038105130801,12,19,1
2017-12-20,39247.52,171,29192.26,56952.28,33290.34285714286,6420.148061223371,12,20,2
2017-12-21,23410.93,143,39247.52,34079.53,31766.257142857146,7394.028310875629,12,21,3
2017-12-22,22473.2,111,23410.93,38454.78,29483.174285714285,7451.702598444774,12,22,4
2017-12-23,18280.45,109,22473.2,26167.17,28356.5,8551.67246868744,12,23,5
2017-12-24,7373.41,59,18280.45,25305.02,25794.84142857143,11717.725073380125,12,24,6
2017-12-25,14827.61,90,7373.41,40586.12,22115.054285714286,10251.364908188363,12,25,0
2017-12-26,27678.52,168,14827.61,29192.26,21898.805714285718,10091.918060212134,12,26,1
2017-12-27,25300.31,167,27678.52,39247.52,19906.347142857143,6998.618515233175,12,27,2
2017-12-28,19610.17,146,25300.31,23410.93,19363.38142857143,6826.7354845945065,12,28,3
2017-12-29,25007.19,135,19610.17,22473.2,19725.38,7081.551232409521,12,29,4
2017-12-30,17599.93,97,25007.19,18280.45,19628.16285714286,7109.310373622603,12,30,5
2017-12-31,10913.35,74,17599.93,7373.41,20133.86857142857,6154.031085260706,12,31,6
2018-01-01,9896.45,74,10913.35,14827.61,19429.41714285714,7075.864939630912,1,1,0
2018-01-02,36031.32,204,9896.45,27678.52,20622.674285714285,9110.576547167728,1,2,1
2018-01-03,43342.24,225,36031.32,25300.31,23200.092857142856,12555.29380417271,1,3,2
2018-01-04,45546.17,258,43342.24,19610.17,26905.235714285718,14922.999293406207,1,4,3
2018-01-05,41182.13,210,45546.17,25007.19,29215.941428571427,15806.259593864102,1,5,4
2018-01-06,47856.14,216,41182.13,17599.93,33538.25714285714,16231.530239154807,1,6,5
2018-01-07,41369.81,196,47856.14,10913.35,37889.18,12895.144644382217,1,7,6
2018-01-08,58462.93,293,41369.81,9896.45,44827.24857142857,7076.218624071272,1,8,0
2018-01-09,43265.03,252,58462.93,36031.32,45860.63571428571,6028.186081733101,1,9,1
2018-01-10,65117.77,277,43265.03,43342.24,48971.42571428571,9262.738684028629,1,10,2
2018-01-11,75685.54,266,65117.77,45546.17,53277.049999999996,13459.39999594725,1,11,3
2018-01-12,50943.56,243,75685.54,41182.13,54671.54,12466.478778163651,1,12,4
2018-01-13,36906.23,219,50943.56,47856.14,53107.26714285714,14050.542539900796,1,13,5
2018-01-14,41267.61,235,36906.23,41369.81,53092.66714285714,14064.817589487675,1,14,6
2018-01-15,57689.82,307,41267.61,58462.93,52982.22285714286,14018.578557333429,1,15,0
2018-01-16,69627.21,302,57689.82,43265.03,56748.24857142858,14505.598808776751,1,16,1
2018-01-17,45591.7,282,69627.21,65117.77,53958.810000000005,14505.328303098537,1,17,2
2018-01-18,40277.1,241,45591.7,75685.54,48900.46142857143,11535.867654296871,1,18,3
2018-01-19,41291.1,235,40277.1,50943.56,47521.53857142857,11824.23772794056,1,19,4
2018-01-20,32575.02,184,41291.1,36906.23,46902.794285714284,12562.57216883286,1,20,5
2018-01-21,33133.79,199,32575.02,41267.61,45740.82,13511.033789612058,1,21,6
2018-01-22,54960.06,314,33133.79,57689.82,45350.85428571428,13143.055687026035,1,22,0
2018-01-23,51353.99,262,54960.06,69627.21,42740.394285714276,8518.941234194985,1,23,1
2018-01-24,44246.97,244,51353.99,45591.7,42548.28999999999,8458.877547882601,1,24,2
2018-01-25,42260.63,233,44246.97,40277.1,42831.65142857143,8403.15461186571,1,25,3
2018-01-26,47930.27,229,42260.63,41291.1,43780.10428571428,8573.250234137233,1,26,4
2018-01-27,34011.03,153,47930.27,32575.02,43985.24857142857,8272.343750583617,1,27,5
2018-01-28,31787.94,156,34011.03,33133.79,43792.98428571429,8576.629593816802,1,28,6
2018-01-29,48252.73,246,31787.94,54960.06,42834.794285714284,7417.437859890319,1,29,0
2018-01-30,59273.85,258,48252.73,51353.99,43966.20285714285,9298.884934071186,1,30,1
2018-01-31,44212.4,256,59273.85,44246.97,43961.26428571429,9298.720146887645,1,31,2
2018-02-01,61649.19,232,44212.4,42260.63,46731.05857142858,11365.631047335339,2,1,3
2018-02-02,45896.22,212,61649.19,47930.27,46440.479999999996,11355.859065343262,2,2,4
2018-02-03,31100.69,193,45896.22,34011.03,46024.717142857146,11925.750356124176,2,3,5
2018-02-04,33213.44,201,31100.69,31787.94,46228.36,11651.136103848647,2,4,6
2018-02-05,53470.46,271,33213.44,48252.73,46973.75,11964.910710147626,2,5,0
2018-02-06,52944.49,268,53470.46,59273.85,46069.555714285714,11087.446616212741,2,6,1
2018-02-07,44658.61,248,52944.49,44212.4,46133.299999999996,11076.266909689026,2,7,2
2018-02-08,39001.73,230,44658.61,61649.19,42897.94857142858,8878.307721973448,2,8,3
2018-02-09,40206.73,216,39001.73,45896.22,42085.16428571429,8818.302801658287,2,9,4
2018-02-10,30356.21,179,40206.73,31100.69,41978.810000000005,8975.942851818176,2,10,5
2018-02-11,34356.41,172,30356.21,33213.44,42142.09142857143,8798.55996951888,2,11,6
2018-02-12,38889.35,218,34356.41,53470.46,40059.07571428572,7261.354973104856,2,12,0
2018-02-13,37418.14,224,38889.35,52944.49,37841.025714285715,4525.226988553716,2,13,1
2018-02-14,58486.38,295,37418.14,44658.61,39816.42142857143,8900.392840406184,2,14,2
2018-02-15,46299.12,283,58486.38,39001.73,40858.90571428572,9211.009721376975,2,15,3
2018-02-16,43347.48,214,46299.12,40206.73,41307.58428571429,9250.357489612736,2,16,4
2018-02-17,35030.16,204,43347.48,30356.21,41975.291428571436,8463.325875313638,2,17,5
2018-02-18,36592.13,202,35030.16,34356.41,42294.68,8164.805759651544,2,18,6
2018-02-19,44115.78,259,36592.13,38889.35,43041.31285714286,8039.508971267837,2,19,0
2018-02-20,47423.99,289,44115.78,37418.14,44470.719999999994,7757.658361166212,2,20,1
2018-02-21,53850.06,266,47423.99,58486.38,43808.38857142858,6449.161349127995,2,21,2
2018-02-22,95988.53,279,53850.06,46299.12,50906.875714285714,20870.209514512142,2,22,3
2018-02-23,37180.57,235,95988.53,43347.48,50025.888571428564,21366.749509668494,2,23,4
2018-02-24,31697.95,191,37180.57,35030.16,49549.85857142857,21789.4589676496,2,24,5
2018-02-25,44831.11,237,31697.95,36592.13,50726.85571428571,21187.06262103833,2,25,6
2018-02-26,59524.3,299,44831.11,44115.78,52928.07285714285,21186.162703271555,2,26,0
2018-02-27,70332.53,298,59524.3,47423.99,56200.72142857143,21949.82741075545,2,27,1
2018-02-28,63398.95,313,70332.53,53850.06,57564.84857142856,22075.75036683656,2,28,2
2018-03-01,65000.66,277,63398.95,95988.53,53138.01,15087.335884044302,3,1,3
2018-03-02,46533.7,266,65000.66,37180.57,54474.17142857143,13797.620278801158,3,2,4
2018-03-03,35451.99,214,46533.7,31697.95,55010.462857142855,12801.82159181241,3,3,5
2018-03-04,40384.52,236,35451.99,44831.11,54375.235714285714,13483.287195763229,3,4,6
2018-03-05,70295.56999999999,264,40384.52,59524.3,55913.98857142857,14726.190160637321,3,5,0
2018-03-06,54772.41,271,70295.56999999999,70332.53,53691.114285714284,13291.505645588062,3,6,1
2018-03-07,53908.21,259,54772.41,63398.95,52335.29428571428,12602.394317132736,3,7,2
2018-03-08,48552.27,234,53908.21,65000.66,49985.52428571428,11314.974634279995,3,8,3
2018-03-09,41707.53,204,48552.27,46533.7,49296.07142857143,11700.81612285879,3,9,4
2018-03-10,43490.13,193,41707.53,35451.99,50444.377142857134,10442.49898908757,3,10,5
2018-03-11,41904.55,218,43490.13,40384.52,50661.524285714295,10211.697235247737,3,11,6
2018-03-12,41641.79,232,41904.55,70295.56999999999,46568.12714285714,5834.396810244868,3,12,0
2018-03-13,52535.02,227,41641.79,54772.41,46248.5,5351.316651563898,3,13,1
2018-03-14,38547.11,199,52535.02,53908.21,44054.05714285715,4808.858733403295,3,14,2
2018-03-15,61484.96,290,38547.11,48552.27,45901.58428571428,8149.229959621972,3,15,3
2018-03-16,52469.95,252,61484.96,41707.53,47439.07285714285,8240.812385751906,3,16,4
2018-03-17,31782.55,180,52469.95,43490.13,45766.561428571425,10144.106906633988,3,17,5
2018-03-18,40415.31,215,31782.55,41904.55,45553.812857142846,10253.628264295634,3,18,6
2018-03-19,77564.69,303,40415.31,41641.79,50685.65571428571,15577.029083138192,3,19,0
2018-03-20,54551.9,297,77564.69,52535.02,50973.78142857143,15635.48097526111,3,20,1
2018-03-21,51926.15,286,54551.9,38547.11,52885.072857142855,14649.932824613727,3,21,2
2018-03-22,45534.25,254,51926.15,61484.96,50606.40000000001,14326.277013889707,3,22,3
2018-03-23,46802.97,221,45534.25,52469.95,49796.83142857143,14363.488032343872,3,23,4
2018-03-24,33897.86,165,46802.97,31782.55,50099.01857142857,13937.255040270744,3,24,5
2018-03-25,40315.16,190,33897.86,40415.31,50084.71142857143,13948.899074444987,3,25,6
2018-03-26,54884.19,272,40315.16,77564.69,46844.64000000001,7765.629879690274,3,26,0
2018-03-27,58102.46,245,54884.19,54551.9,47351.86285714286,8439.646258652992,3,27,1
2018-03-28,40588.01,220,58102.46,51926.15,45732.12857142858,8503.201380859611,3,28,2
2018-03-29,39005.66,194,40588.01,45534.25,44799.47285714286,8878.287176067752,3,29,3
2018-03-30,33928.18,165,39005.66,46802.97,42960.217142857146,9690.501153113599,3,30,4
2018-03-31,42065.79,168,33928.18,33897.86,44127.064285714296,8874.850540869253,3,31,5
2018-04-01,42001.63,207,42065.79,40315.16,44367.98857142857,8776.468327065637,4,1,6
2018-04-02,69783.57,282,42001.63,54884.19,46496.471428571436,12687.307238141042,4,2,0
2018-04-03,50258.06,247,69783.57,58102.46,45375.84285714286,11807.247130645192,4,3,1
2018-04-04,53599.5,257,50258.06,40588.01,47234.62714285714,11951.193448176165,4,4,2
2018-04-05,51926.12,266,53599.5,39005.66,49080.40714285715,11455.944798414872,4,5,3
2018-04-06,41453.73,189,51926.12,33928.18,50155.485714285714,10065.764473827445,4,6,4
2018-04-07,34540.2,164,41453.73,42065.79,49080.40142857143,11388.744548125247,4,7,5
2018-04-08,33956.05,185,34540.2,42001.63,47931.03285714286,12567.223763297743,4,8,6
2018-04-09,67336.67,253,33956.05,69783.57,47581.47571428572,11872.943475736483,4,9,0
2018-04-10,39200.74,201,67336.67,50258.06,46001.85857142857,12188.840634752187,4,10,1
2018-04-11,55581.31,274,39200.74,53599.5,46284.974285714285,12415.63308197775,4,11,2
2018-04-12,51450.04,255,55581.31,51926.12,46216.962857142855,12380.83646164489,4,12,3
2018-04-13,48453.62,202,51450.04,41453.73,47216.94714285714,12213.552150934447,4,13,4
2018-04-14,32613.75,146,48453.62,34540.2,46941.74,12563.49482117688,4,14,5
2018-04-15,47998.52,223,32613.75,33956.05,48947.80714285715,11190.523626795215,4,15,6
2018-04-16,59102.7,280,47998.52,67336.67,47771.525714285715,9189.242079899743,4,16,0
2018-04-17,64927.83,266,59102.7,39200.74,51446.82428571429,10271.146413438952,4,17,1
2018-04-18,57858.79,280,64927.83,55581.31,51772.17857142857,10458.306397299017,4,18,2
2018-04-19,88514.61,293,57858.79,51450.04,57067.11714285713,17368.09771245529,4,19,3
2018-04-20,42083.84,197,88514.61,48453.62,56157.148571428566,18048.15258412483,4,20,4
2018-04-21,25376.7,156,42083.84,32613.75,55123.28428571428,19748.7431694416,4,21,5
2018-04-22,39765.64,200,25376.7,47998.52,53947.15857142857,20475.551317951173,4,22,6
2018-04-23,52689.11,285,39765.64,59102.7,53030.93142857143,20349.51262393243,4,23,0
2018-04-24,65026.71,271,52689.11,64927.83,53045.057142857135,20359.17931939125,4,24,1
2018-04-25,56619.88,284,65026.71,57858.79,52868.07,20315.696553214,4,25,2
2018-04-26,47517.27,254,56619.88,88514.61,47011.30714285715,12872.507572137169,4,26,3
2018-04-27,64741.87,242,47517.27,42083.84,50248.16857142857,14206.575535065407,4,27,4
2018-04-28,33471.98,169,64741.87,25376.7,51404.63714285714,12003.120065138413,4,28,5
2018-04-29,26809.75,171,33471.98,39765.64,49553.795714285705,14775.612051119913,4,29,6
2018-04-30,53183.75,240,26809.75,52689.11,49624.458571428564,14794.276419625454,4,30,0
2018-05-01,44246.8,256,53183.75,65026.71,46655.90000000001,13186.022722183456,5,1,1
2018-05-02,59007.81,296,44246.8,56619.88,46997.03285714286,13513.58176800765,5,2,2
2018-05-03,66614.39,305,59007.81,47517.27,49725.19285714285,15428.17449176544,5,3,3
2018-05-04,55948.64,265,66614.39,64741.87,48469.01714285714,14319.894487746593,5,4,4
2018-05-05,40709.37,197,55948.64,33471.98,49502.93,13280.15084619039,5,5,5
2018-05-06,38185.38,211,40709.37,26809.75,51128.020000000004,10430.680194493765,5,6,6
2018-05-07,80728.02,372,38185.38,53183.75,55062.91571428572,15364.161112308278,5,7,0
2018-05-08,67683.51,331,80728.02,44246.8,58411.01714285714,15166.669810572374,5,8,1
2018-05-09,69226.49,344,67683.51,59007.81,59870.82857142857,15715.534694572685,5,9,2
2018-05-10,82434.08,279,69226.49,66614.39,62130.78428571429,17840.68888754108,5,10,3
2018-05-11,60142.04,247,82434.08,55948.64,62729.84142857143,17668.07473728582,5,11,4
2018-05-12,44886.97,207,60142.04,40709.37,63326.641428571435,16851.997392662903,5,12,5
2018-05-13,46506.84,207,44886.97,38185.38,64515.42142857143,14971.468450533406,5,13,6
2018-05-14,75197.04,364,46506.84,80728.02,63725.28142857143,14093.423878544107,5,14,0
2018-05-15,79939.48,352,75197.04,67683.51,65476.13428571429,15370.544565935128,5,15,1
2018-05-16,80293.72,357,79939.48,69226.49,67057.16714285714,16358.075812216615,5,16,2
2018-05-17,43719.75,228,80293.72,82434.08,61526.54857142857,16830.484559644072,5,17,3
2018-05-18,46958.84,236,43719.75,60142.04,59643.23428571429,17725.050179622398,5,18,4
2018-05-19,35013.66,139,46958.84,44886.97,58232.76142857142,19407.932146768013,5,19,5
2018-05-20,29614.91,161,35013.66,46506.84,55819.62857142858,21987.60520921014,5,20,6
2018-05-21,42650.21,206,29614.91,75197.04,51170.08142857142,20604.814115550416,5,21,0
2018-05-22,55491.59,199,42650.21,79939.48,47677.525714285715,16598.000445173122,5,22,1
2018-05-23,25213.08,132,55491.59,80293.72,39808.86285714286,10491.154354334107,5,23,2
2018-05-24,27746.54,114,25213.08,43719.75,37526.97571428572,11211.165937399282,5,24,3
2018-05-25,31893.44,104,27746.54,46958.84,35374.775714285715,10523.73790465642,5,25,4
2018-05-26,22477.56,99,31893.44,35013.66,33583.904285714285,11606.403277368168,5,26,5
2018-05-27,16482.08,100,22477.56,29614.91,31707.785714285714,13293.684679967511,5,27,6
2018-05-28,40648.26,143,16482.08,42650.21,31421.792857142857,13038.118486620868,5,28,0
2018-05-29,36424.9,149,40648.26,55491.59,28697.980000000003,8303.584098111382,5,29,1
2018-05-30,30821.01,140,36424.9,25213.08,29499.11285714286,8180.944165496131,5,30,2
2018-05-31,34206.59,133,30821.01,27746.54,30421.977142857144,8313.58491301827,5,31,3
2018-06-01,65404.79,184,34206.59,31893.44,35209.31285714286,15683.834960476473,6,1,4
2018-06-02,32048.3,142,65404.79,22477.56,36576.561428571425,14780.08212245975,6,2,5
2018-06-03,39234.85,192,32048.3,16482.08,39826.95714285714,11832.355171517202,6,3,6
2018-06-04,40467.77,225,39234.85,40648.26,39801.17285714286,11830.463659261059,6,4,0
2018-06-05,55183.54,200,40467.77,36424.9,42480.97857142857,13004.53582540927,6,5,1
2018-06-06,44999.21,227,55183.54,30821.01,44506.43571428571,11946.945203582394,6,6,2
2018-06-07,52537.72,223,44999.21,34206.59,47125.16857142857,11304.773116437098,6,7,3
2018-06-08,42031.68,198,52537.72,65404.79,43786.15285714286,7963.910847885127,6,8,4
2018-06-09,40891.5,172,42031.68,32048.3,45049.467142857146,6324.204041278936,6,9,5
2018-06-10,36157.42,193,40891.5,39234.85,44609.83428571429,6878.458294603546,6,10,6
2018-06-11,76270.14,294,36157.42,40467.77,49724.45857142857,13453.51082648758,6,11,0
2018-06-12,57250.2,246,76270.14,55183.54,50019.69571428571,13614.98427323609,6,12,1
2018-06-13,53609.94,259,57250.2,44999.21,51249.799999999996,13474.044566687116,6,13,2
2018-06-14,38063.21,212,53609.94,52537.72,49182.01285714285,14327.10993265895,6,14,3
2018-06-15,37314.78,186,38063.21,42031.68,48508.17,14821.841881042912,6,15,4
2018-06-16,32244.55,165,37314.78,40891.5,47272.89142857143,15884.648050093907,6,16,5
2018-06-17,25318.22,152,32244.55,36157.42,45724.434285714284,17585.98929946981,6,17,6
2018-06-18,51176.81,246,25318.22,76270.14,42139.672857142854,11988.444295056071,6,18,0
2018-06-19,50831.47,231,51176.81,57250.2,41222.71142857143,10829.514908350531,6,19,1
2018-06-20,45892.07,217,50831.47,53609.94,40120.15857142857,9691.237253908977,6,20,2
2018-06-21,39979.85,234,45892.07,38063.21,40393.96428571428,9650.426062742901,6,21,3
2018-06-22,35509.02,179,39979.85,37314.78,40135.99857142857,9769.850048283915,6,22,4
2018-06-23,25543.8,151,35509.02,32244.55,39178.74857142857,10931.169695346118,6,23,5
2018-06-24,33656.35,199,25543.8,25318.22,40369.909999999996,9534.09146441192,6,24,6
2018-06-25,53833.76,241,33656.35,51176.81,40749.474285714285,10073.654469243065,6,25,0
2018-06-26,52740.68,243,53833.76,50831.47,41022.21857142857,10412.274303083504,6,26,1
2018-06-27,39617.93,215,52740.68,45892.07,40125.91285714286,10190.892689857748,6,27,2
2018-06-28,49568.37,243,39617.93,39979.85,41495.70142857143,10794.521606820736,6,28,3
2018-06-29,30030.41,174,49568.37,35509.02,40713.04285714286,11477.912500825052,6,29,4
2018-06-30,21277.47,124,30030.41,25543.8,40103.56714285714,12486.594085670284,6,30,5
2018-07-01,39158.69,161,21277.47,33656.35,40889.61571428572,12182.578193149458,7,1,6
2018-07-02,48104.96,195,39158.69,53833.76,40071.21571428572,11330.7335783788,7,2,0
2018-07-03,41207.09,216,48104.96,52740.68,38423.560000000005,9933.819676417148,7,3,1
2018-07-04,50103.64,256,41207.09,39617.93,39921.51857142857,10888.642631345434,7,4,2
2018-07-05,49744.71,195,50103.64,49568.37,39946.71,10914.853298905988,7,5,3
2018-07-06,24405.4,121,49744.71,30030.41,39143.137142857144,11926.744042199007,7,6,4
2018-07-07,14291.8,91,24405.4,21277.47,38145.184285714284,13813.754417740109,7,7,5
2018-07-08,22526.93,122,14291.8,39158.69,35769.21857142857,14990.580643935058,7,8,6
2018-07-09,25022.49,148,22526.93,48104.96,32471.722857142857,14349.868528719362,7,9,0
2018-07-10,26745.47,134,25022.49,41207.09,30405.777142857143,13917.12836490814,7,10,1
2018-07-11,27844.81,127,26745.47,50103.64,27225.944285714282,10877.286457908636,7,11,2
2018-07-12,41910.57,124,27844.81,49744.71,26106.78142857143,8263.049363406255,7,12,3
2018-07-13,39422.29,168,41910.57,24405.4,28252.05142857143,9590.452672949708,7,13,4
2018-07-14,28780.17,148,39422.29,14291.8,30321.81857142857,7385.384575063637,7,14,5
2018-07-15,59075.52,152,28780.17,22526.93,35543.04571428571,12264.107521481867,7,15,6
2018-07-16,42826.11,245,59075.52,25022.49,38086.42,11543.61052229497,7,16,0
2018-07-17,41688.17,221,42826.11,26745.47,40221.09142857143,10424.229505874911,7,17,1
2018-07-18,63997.87,307,41688.17,27844.81,45385.81428571429,12092.902096166437,7,18,2
2018-07-19,55468.22,253,63997.87,41910.57,47322.62142857142,12521.639372345991,7,19,3
2018-07-20,46992.88,250,55468.22,39422.29,48404.13428571429,12043.355828933207,7,20,4
2018-07-21,29128.88,187,46992.88,28780.17,48453.95,11949.006932154272,7,21,5
2018-07-22,48132.91,215,29128.88,59075.52,46890.72000000001,11006.453418899499,7,22,6
2018-07-23,60286.71,307,48132.91,42826.11,49385.09142857143,11875.958719451593,7,23,0
2018-07-24,53799.27,271,60286.71,41688.17,51115.24857142857,11442.017886185318,7,24,1
2018-07-25,69513.13,268,53799.27,63997.87,51903.142857142855,12607.493170044847,7,25,2
2018-07-26,55103.47,247,69513.13,55468.22,51851.03571428572,12591.045871986393,7,26,3
2018-07-27,40824.04,189,55103.47,46992.88,50969.77285714286,13189.409924113143,7,27,4
2018-07-28,44997.65,176,40824.04,29128.88,53236.740000000005,9716.231053532887,7,28,5
2018-07-29,40472.22,188,44997.65,48132.91,52142.35571428571,10762.055462918417,7,29,6
2018-07-30,52778.05,288,40472.22,60286.71,51069.69,10173.088232136644,7,30,0
2018-07-31,75067.36,322,52778.05,53799.27,54107.98857142858,13691.658628897048,7,31,1
2018-08-01,59116.83,311,75067.36,69513.13,52622.80285714286,12227.692408643341,8,1,2
2018-08-02,54797.26,302,59116.83,55103.47,52579.05857142858,12217.88258590052,8,2,3
2018-08-03,58045.93,314,54797.26,40824.04,55039.32857142857,11142.977247192552,8,3,4
2018-08-04,48190.46,245,58045.93,44997.65,55495.44428571429,10720.782410438387,8,4,5
2018-08-05,51253.92,276,48190.46,40472.22,57035.68714285714,8806.227690923823,8,5,6
2018-08-06,89915.05,372,51253.92,52778.05,62340.972857142864,14895.192228514305,8,6,0
2018-08-07,92721.85,370,89915.05,75067.36,64863.042857142864,18473.906895093758,8,7,1
2018-08-08,71733.77,316,92721.85,59116.83,66665.46285714286,18435.284646969587,8,8,2
2018-08-09,56319.39,289,71733.77,54797.26,66882.91,18280.29139891836,8,9,3
2018-08-10,44868.43,256,56319.39,58045.93,65000.41000000001,19944.726922907943,8,10,4
2018-08-11,37553.18,188,44868.43,48190.46,63480.798571428575,21761.45014924978,8,11,5
2018-08-12,52302.26,197,37553.18,51253.92,63630.56142857143,21666.681172515015,8,12,6
2018-08-13,55565.83,292,52302.26,89915.05,58723.52999999999,18358.845686548568,8,13,0
2018-08-14,58834.48,316,55565.83,92721.85,53882.47714285715,10819.421483113621,8,14,1
2018-08-15,60042.09,288,58834.48,71733.77,52212.23714285714,8186.406920934687,8,15,2
2018-08-16,50492.31,320,60042.09,56319.39,51379.79714285715,7993.146021856942,8,16,3
2018-08-17,48773.76,257,50492.31,44868.43,51937.701428571425,7588.994522081599,8,17,4
2018-08-18,31372.66,198,48773.76,37553.18,51054.770000000004,9627.274830864842,8,18,5
2018-08-19,34945.68,204,31372.66,52302.26,48575.258571428574,11335.910747642567,8,19,6
2018-08-20,48805.71,256,34945.68,55565.83,47609.52714285714,10921.490996266393,8,20,0
2018-08-21,34734.67,243,48805.71,58834.48,44166.69714285714,10586.663185590081,8,21,1
2018-08-22,29591.82,187,34734.67,60042.09,39816.65857142857,9132.393997752504,8,22,2
2018-08-23,22532.82,144,29591.82,50492.31,35822.44571428572,9776.580082718125,8,23,3
2018-08-24,14464.49,99,22532.82,48773.76,30921.12142857143,10752.937435670947,8,24,4
2018-08-25,12768.89,69,14464.49,31372.66,28263.440000000002,12738.463445390094,8,25,5
2018-08-26,10496.35,73,12768.89,34945.68,24770.678571428572,13899.833239822978,8,26,6
2018-08-27,6839.13,67,10496.35,48805.71,18775.452857142856,10420.25882124006,8,27,0
2018-08-28,6108.19,44,6839.13,34734.67,14685.955714285714,8565.296178171731,8,28,1
2018-08-29,4881.79,14,6108.19,29591.82,11155.951428571429,6149.473624733211,8,29,2
2018-08-30,705.04,4,4881.79,22532.82,8037.697142857142,4806.592657163631,8,30,3
2018-08-31,63.89,1,705.04,14464.49,5980.4685714285715,4677.47449643039,8,31,4
2018-09-03,458.64,4,63.89,12768.89,4221.861428571429,3958.7800664796914,9,3,0
2018-09-06,2443.2000000000003,3,458.64,10496.35,3071.4114285714286,2844.917131644393,9,6,3
2018-09-10,51.17,1,2443.2000000000003,6839.13,2101.702857142857,2480.0918321169893,9,10,0
2018-09-11,258.67,1,51.17,6108.19,1266.0571428571427,1796.3777230119256,9,11,1
2018-09-12,84.58,1,258.67,4881.79,580.7414285714286,856.0177460723219,9,12,2
2018-09-13,414.04,1,84.58,705.04,539.1700000000001,856.0412991652083,9,13,3
2018-09-17,84.58,1,414.04,63.89,542.1257142857144,854.1604134304606,9,17,0
2018-09-20,191.46,1,84.58,458.64,503.95714285714297,864.4206895373754,9,20,3
2018-09-25,221.54,1,191.46,2443.2000000000003,186.57714285714286,127.36097243783499,9,25,1
2018-09-26,94.63,1,221.54,51.17,192.78571428571428,120.53648274169429,9,26,2
2018-09-29,137.03,1,94.63,258.67,175.4085714285714,118.20072401409058,9,29,5
2018-10-01,80.38,1,137.03,84.58,174.8085714285714,118.74801538322772,10,1,0
2018-10-03,197.55,1,80.38,414.04,143.8814285714286,59.43711795496533,10,3,2
2018-10-16,222.03,1,197.55,84.58,163.51714285714283,59.284957060346805,10,16,1
2018-10-17,89.71,1,222.03,191.46,148.98142857142855,63.6080693842521,10,17,2
